orgao_entidade;sigla;codigo_indexacao;tipo_documento;grau_sigilo;categoria;fundamento_legal;data_producao;data_classificacao;data_desclassificacao;prazo_classificacao;data_atualizacao;link
Controladoria-Geral do Estado - CGE-MG;CGE-MG;010.04.2021;Produtos de auditoria – Relatórios, Pareceres, Notas de Auditoria relativos à avaliação e à consultoria de gestão de riscos;Reservado;4 – Controle Interno;Art 23, caput da Lei Federal 12.527/2011;2021-04-12;2021-04-12 00:00:00;;5 anos;2025-06-11;https://cge.mg.gov.br/divulgacao-obrigatoria/informacoes-classificadas-e-desclassificadas
Controladoria-Geral do Estado - CGE-MG;CGE-MG;011.04.2021;Papéis de Trabalho produzidos para subsidiar a opinião e convicção do auditor;Reservado;4 – Controle Interno;Art 23, caput da Lei Federal 12.527/2011;2021-04-12;2021-04-12 00:00:00;;5 anos;2025-06-11;https://cge.mg.gov.br/divulgacao-obrigatoria/informacoes-classificadas-e-desclassificadas
Controladoria-Geral do Estado - CGE-MG;CGE-MG;001.04.2021;Relatório de Inteligência NUCC nº 01/2019;Reservado;4 – Controle Interno;Art. 23, inciso VIII, da Lei Federal nº 12.527/2011;2019-05-28;2021-04-12 00:00:00;2024-05-28;5 anos;2025-06-11;https://cge.mg.gov.br/divulgacao-obrigatoria/informacoes-classificadas-e-desclassificadas
Controladoria-Geral do Estado - CGE-MG;CGE-MG;002.04.2021;Relatório de Inteligência NUCC nº 02/2019;Reservado;4 – Controle Interno;Art. 23, inciso VIII, da Lei Federal nº 12.527/2011;2019-07-11;2021-04-12 00:00:00;2024-07-11;5 anos;2025-06-11;https://cge.mg.gov.br/divulgacao-obrigatoria/informacoes-classificadas-e-desclassificadas
Controladoria-Geral do Estado - CGE-MG;CGE-MG;003.04.2021;Relatório de Inteligência NUCC nº 03/2019;Reservado;4 – Controle Interno;Art. 23, inciso VIII, da Lei Federal nº 12.527/2011;2019-10-02;2021-04-12 00:00:00;2024-10-02;5 anos;2025-06-11;https://cge.mg.gov.br/divulgacao-obrigatoria/informacoes-classificadas-e-desclassificadas
Controladoria-Geral do Estado - CGE-MG;CGE-MG;004.04.2021;Relatório de Inteligência NUCC nº 04/2019;Reservado;4 – Controle Interno;Art. 23, inciso VIII, da Lei Federal nº 12.527/2011;2019-10-15;2021-04-12 00:00:00;2024-10-15;5 anos;2025-06-11;https://cge.mg.gov.br/divulgacao-obrigatoria/informacoes-classificadas-e-desclassificadas
Controladoria-Geral do Estado - CGE-MG;CGE-MG;005.04.2021;Relatório de Inteligência NUCC nº 01/2020;Reservado;4 – Controle Interno;Art. 23, inciso VIII, da Lei Federal nº 12.527/2011;2020-04-27;2021-04-12 00:00:00;2025-04-27;5 anos;2025-06-11;https://cge.mg.gov.br/divulgacao-obrigatoria/informacoes-classificadas-e-desclassificadas
Controladoria-Geral do Estado - CGE-MG;CGE-MG;006.04.2021;Relatório de Inteligência NUCC nº 02/2020;Reservado;4 – Controle Interno;Art. 23, inciso VIII, da Lei Federal nº 12.527/2011;2020-04-24;2021-04-12 00:00:00;2025-04-24;5 anos;2025-06-11;https://cge.mg.gov.br/divulgacao-obrigatoria/informacoes-classificadas-e-desclassificadas
Controladoria-Geral do Estado - CGE-MG;CGE-MG;007.04.2021;Relatório de Inteligência NUCC nº 03/2020;Reservado;4 – Controle Interno;Art. 23, inciso VIII, da Lei Federal nº 12.527/2011;2020-05-19;2021-04-12 00:00:00;2025-05-19;5 anos;2025-06-11;https://cge.mg.gov.br/divulgacao-obrigatoria/informacoes-classificadas-e-desclassificadas
Controladoria-Geral do Estado - CGE-MG;CGE-MG;008.04.2021;Relatório de Inteligência NUCC nº 04/2020;Reservado;4 – Controle Interno;Art. 23, inciso VIII, da Lei Federal nº 12.527/2011;2020-05-20;2021-04-12 00:00:00;2025-05-20;5 anos;2025-06-11;https://cge.mg.gov.br/divulgacao-obrigatoria/informacoes-classificadas-e-desclassificadas
Controladoria-Geral do Estado - CGE-MG;CGE-MG;009.04.2021;Relatório de Inteligência NUCC nº 05/2020;Reservado;4 – Controle Interno;Art. 23, inciso VIII, da Lei Federal nº 12.527/2011;2020-09-08;2021-04-12 00:00:00;;5 anos;2025-06-11;https://cge.mg.gov.br/divulgacao-obrigatoria/informacoes-classificadas-e-desclassificadas
Controladoria-Geral do Estado - CGE-MG;CGE-MG;012.04.2021;Anexo I - históricos de atos lesivos de Acordo de Leniência de 18/08/2021;Secreto;4 – Controle Interno;Art. 23, inciso VIII, da Lei Federal nº 12.527/2011;2021-08-18;2021-10-04 00:00:00;;10 anos;2025-06-11;https://cge.mg.gov.br/divulgacao-obrigatoria/informacoes-classificadas-e-desclassificadas
Controladoria-Geral do Estado - CGE-MG;CGE-MG;013.04.2021;Anexo II - demonstrativo de valor do acordo e cronograma de pagamentos de Acordo de Leniência de 18/08/2021;Secreto;4 – Controle Interno;Art. 23, inciso VIII, da Lei Federal nº 12.527/2011;2021-08-18;2021-10-04 00:00:00;;10 anos;2025-06-11;https://cge.mg.gov.br/divulgacao-obrigatoria/informacoes-classificadas-e-desclassificadas
Controladoria-Geral do Estado - CGE-MG;CGE-MG;014.04.2021;Anexo III - instruções para pagamento de Acordo de Leniência de 18/08/2021;Secreto;4 – Controle Interno;Art. 23, inciso VIII, da Lei Federal nº 12.527/2011;2021-08-18;2021-10-04 00:00:00;;10 anos;2025-06-11;https://cge.mg.gov.br/divulgacao-obrigatoria/informacoes-classificadas-e-desclassificadas
Controladoria-Geral do Estado - CGE-MG;CGE-MG;015.04.1521;Mapas de risco da Controladoria-Geral do Estado;Secreto;4 – Controle Interno;Art. 23, inciso VIII, da Lei Federal nº 12.527/2011;2022-04-28;2025-04-16 00:00:00;;10 anos;2025-06-11;https://cge.mg.gov.br/divulgacao-obrigatoria/informacoes-classificadas-e-desclassificadas
Fundação Estadual do Meio Ambiente - FEAM;FEAM;002.04.2091;Papéis de Trabalho produzidos para subsidiar a opinião e convicção do Controlador Seccional;Reservado;4 – Controle Interno;Art 23, caput da Lei Federal 12.527/2011;2021-12-22;2021-12-22 00:00:00;;5 anos;2025-06-11;https://www.feam.br/informa%C3%A7%C3%B5es-classificadas-e-desclassificadas
Fundação Estadual do Meio Ambiente - FEAM;FEAM;003.04.2091;Produtos de auditoria – Relatórios, Pareceres, Notas de Auditoria relativos à avaliação e à consultoria de gestão de riscos;Reservado;4 – Controle Interno;Art 23, caput da Lei Federal 12.527/2011;2021-12-22;2021-12-22 00:00:00;;5 anos;2025-06-11;https://www.feam.br/informa%C3%A7%C3%B5es-classificadas-e-desclassificadas
Fundação Estadual do Meio Ambiente - FEAM;FEAM;005.04.2091;Papéis de Trabalho produzidos para subsidiar a opinião e convicção do Controlador Seccional;Reservado;4 – Controle Interno;Art 23, caput da Lei Federal 12.527/2011;2022-08-07;2022-08-07 00:00:00;;5 anos;2025-06-11;https://www.feam.br/informa%C3%A7%C3%B5es-classificadas-e-desclassificadas
Fundação Estadual do Meio Ambiente - FEAM;FEAM;006.04.2091;Produtos de auditoria – Relatórios, Pareceres, Notas de Auditoria relativos à avaliação e à consultoria de gestão de riscos;Reservado;4 – Controle Interno;Art 23, caput da Lei Federal 12.527/2011;2022-08-07;2022-08-07 00:00:00;;5 anos;2025-06-11;https://www.feam.br/informa%C3%A7%C3%B5es-classificadas-e-desclassificadas
Fundação Estadual do Meio Ambiente - FEAM;FEAM;008.04.2091;Papéis de Trabalho produzidos para subsidiar a opinião e convicção do Controlador Seccional;Reservado;4 – Controle Interno;Art 23, caput da Lei Federal 12.527/2011;2023-04-05;2023-04-05 00:00:00;;5 anos;2025-06-11;https://www.feam.br/informa%C3%A7%C3%B5es-classificadas-e-desclassificadas
Fundação Estadual do Meio Ambiente - FEAM;FEAM;009.04.2091;Produtos de auditoria – Relatórios, Pareceres, Notas de Auditoria relativos à avaliação e à consultoria de gestão de riscos;Reservado;4 – Controle Interno;Art 23, caput da Lei Federal 12.527/2011;2023-04-05;2023-04-05 00:00:00;;5 anos;2025-06-11;https://www.feam.br/informa%C3%A7%C3%B5es-classificadas-e-desclassificadas
Fundação Estadual do Meio Ambiente - FEAM;FEAM;011.04.2091;Papéis de Trabalho produzidos para subsidiar a opinião e convicção do Controlador Seccional;Reservado;4 – Controle Interno;Art 23, caput da Lei Federal 12.527/2011;2024-01-01;2024-01-01 00:00:00;;5 anos;2025-06-11;https://www.feam.br/informa%C3%A7%C3%B5es-classificadas-e-desclassificadas
Fundação Estadual do Meio Ambiente - FEAM;FEAM;012.04.2091;Produtos de auditoria – Relatórios, Pareceres, Notas de Auditoria relativos à avaliação e à consultoria de gestão de riscos;Reservado;4 – Controle Interno;Art 23, caput da Lei Federal 12.527/2011;2024-01-01;2024-01-01 00:00:00;;5 anos;2025-06-11;https://www.feam.br/informa%C3%A7%C3%B5es-classificadas-e-desclassificadas
Fundação Estadual do Meio Ambiente - FEAM;FEAM;014.04.2091;Papéis de Trabalho produzidos para subsidiar a opinião e convicção do Controlador Seccional;Reservado;4 – Controle Interno;Art 23, caput da Lei Federal 12.527/2011;2025-01-01;2025-01-01 00:00:00;;5 anos;2025-06-11;https://www.feam.br/informa%C3%A7%C3%B5es-classificadas-e-desclassificadas
Fundação Estadual do Meio Ambiente - FEAM;FEAM;015.04.2091;Produtos de auditoria – Relatórios, Pareceres, Notas de Auditoria relativos à avaliação e à consultoria de gestão de riscos;Reservado;4 – Controle Interno;Art 23, caput da Lei Federal 12.527/2011;2025-01-01;2025-01-01 00:00:00;;5 anos;2025-06-11;https://www.feam.br/informa%C3%A7%C3%B5es-classificadas-e-desclassificadas
Fundação Estadual do Meio Ambiente - FEAM;FEAM;004.13.2091;Plano Anual de Fiscalização 2022;Reservado;13 - Meio Ambiente;Art. 23, inciso VIII, da Lei Federal nº 12.527/2011;2021-12-28;2021-12-28 00:00:00;;5 anos;2025-06-11;https://www.feam.br/informa%C3%A7%C3%B5es-classificadas-e-desclassificadas
Fundação Estadual do Meio Ambiente - FEAM;FEAM;007.13.2091;Plano Anual de Fiscalização 2023;Reservado;13 - Meio Ambiente;Art. 23, inciso VIII, da Lei Federal nº 12.527/2011;2022-12-30;2022-12-30 00:00:00;;5 anos;2025-06-11;https://www.feam.br/informa%C3%A7%C3%B5es-classificadas-e-desclassificadas
Fundação Estadual do Meio Ambiente - FEAM;FEAM;010.13.2091;Plano Anual de Fiscalização 2024;Reservado;13 - Meio Ambiente;Art. 23, inciso VIII, da Lei Federal nº 12.527/2011;2023-12-29;2023-12-29 00:00:00;;5 anos;2025-06-11;https://www.feam.br/informa%C3%A7%C3%B5es-classificadas-e-desclassificadas
Fundação Estadual do Meio Ambiente - FEAM;FEAM;013.13.2091;Plano Anual de Fiscalização 2025;Reservado;13 - Meio Ambiente;Art. 23, inciso VIII, da Lei Federal nº 12.527/2011;2024-12-30;2024-12-30 00:00:00;;5 anos;2025-06-11;https://www.feam.br/informa%C3%A7%C3%B5es-classificadas-e-desclassificadas
Fundação Estadual do Meio Ambiente - FEAM;FEAM;001.13.2091;Plano Anual de Fiscalização 2021;Reservado;13 - Meio Ambiente;Art. 23, inciso VIII, da Lei Federal nº 12.527/2011;2020-12-29;2020-12-29 00:00:00;;5 anos;2025-06-11;https://www.feam.br/informa%C3%A7%C3%B5es-classificadas-e-desclassificadas
Fundação Ezequiel Dias - FUNED;FUNED;005.16.2261;Relatórios de Auditorias Internas;Secreto;16 - Saúde;Art. 23, inciso III, da Lei Federal nº 12.527/2011;2025-09-25;2025-09-25 00:00:00;;15 anos;2026-02-19;https://www.funed.mg.gov.br/informacoes-classificadas-e-desclassificadas/
Fundação Ezequiel Dias - FUNED;FUNED;001.16.2261;Informações relacionadas à biossegurança nos laboratórios de pesquisa;Reservado;16 - Saúde;Art. 23, inciso VI da Lei Federal nº 12.527/2011;2025-09-16;2025-09-16 00:00:00;;5 anos;2026-02-19;https://www.funed.mg.gov.br/informacoes-classificadas-e-desclassificadas/
Fundação Ezequiel Dias - FUNED;FUNED;007.16.2261;Ofícios, comunicados, expediente de exigências e demandas de autoridades sanitárias local, estadual ou federal.;Secreto;16 - Saúde;Art. 23, inciso VI da Lei Federal nº 12.527/2011;2025-09-25;2025-09-25 00:00:00;;15 anos;2026-02-19;https://www.funed.mg.gov.br/informacoes-classificadas-e-desclassificadas/
Fundação Ezequiel Dias - FUNED;FUNED;008.16.2261;Relatórios de Auditoria Externa.;Secreto;16 - Saúde;Art. 23, inciso VI da Lei Federal nº 12.527/2011;2025-09-25;2025-09-25 00:00:00;;15 anos;2026-02-19;https://www.funed.mg.gov.br/informacoes-classificadas-e-desclassificadas/
Fundação Ezequiel Dias - FUNED;FUNED;009.16.2261;Relatórios de Auditoria Interna (ISO e BPF).;Secreto;16 - Saúde;Art. 23, inciso VI da Lei Federal nº 12.527/2011;2025-09-25;2025-09-25 00:00:00;;15 anos;2026-02-19;https://www.funed.mg.gov.br/informacoes-classificadas-e-desclassificadas/
Fundação Ezequiel Dias - FUNED;FUNED;004.16.2261;Resultados dos clientes do PEPFUNED nos ensaios de proficiência ofertados pelo IOM.;Reservado;16 - Saúde;Art. 23, inciso VI, da Lei Federal nº 12.527/2011;2025-10-02;2025-10-02 00:00:00;;5 anos;2026-02-19;https://www.funed.mg.gov.br/informacoes-classificadas-e-desclassificadas/
Fundação Ezequiel Dias - FUNED;FUNED;002.16.2261;Ofícios enviados ao Ministério Público, Polícia Civil, Federal ou congêneres, acompanhados de laudos analíticos ou fiscais, bem como aqueles contendo respostas a demandas judiciais;Reservado;16 - Saúde;Art. 23, incisos III e IV, da Lei Federal nº 12.527/2011;2025-10-02;2025-10-02 00:00:00;;5 anos;2026-02-19;https://www.funed.mg.gov.br/informacoes-classificadas-e-desclassificadas/
Fundação Ezequiel Dias - FUNED;FUNED;003.16.2261;Ofício externo - Documentos recebidos de órgãos externos como Polícia Civil, Federal, Ministério Público ou congênere, com finalidade de elucidação de crimes contra Saúde Pública ou Estado;Reservado;16 - Saúde;Art. 23, incisos III e IV, da Lei Federal nº 12.527/2011;2025-10-02;2025-10-02 00:00:00;;5 anos;2026-02-19;https://www.funed.mg.gov.br/informacoes-classificadas-e-desclassificadas/
Fundação Ezequiel Dias - FUNED;FUNED;006.16.2261;Informações utilizadas como fundamento da tomada de decisão ou de ato administrativo.;Reservado;16 - Saúde;Art. 7º, § 3º da Lei Federal nº 12.527;2025-09-23;2025-09-23 00:00:00;;5 anos;2026-02-19;https://www.funed.mg.gov.br/informacoes-classificadas-e-desclassificadas/
Gabinete Militar do Governador do Estado de Minas Gerais - GMG;GMG;;Relação de veículos disponibilizados para escoltas do Governador e do vice-Governador;Secreto;6 - Defesa Social e Segurança Pública;;2019-08-28;2019-08-28 00:00:00;;15 anos;2025-09-11;https://www.mg.gov.br/gabinetemilitar/pagina/informacoes-classificadas-e-desclassificadas
Gabinete Militar do Governador do Estado de Minas Gerais - GMG;GMG;;Informações sobre viaturas do Gabinete Militar do Governador, bem como veículos colocados à disposição do órgão.;Secreto;6 - Defesa Social e Segurança Pública;;2025-06-18;2025-06-18 00:00:00;;15 anos;2025-09-11;https://www.mg.gov.br/gabinetemilitar/pagina/informacoes-classificadas-e-desclassificadas
Gabinete Militar do Governador do Estado de Minas Gerais - GMG;GMG;;Placas de segurança das viaturas do Gabinete Militar do Governador;Secreto;6 - Defesa Social e Segurança Pública;;2019-08-28;2019-08-28 00:00:00;;15 anos;2025-09-11;https://www.mg.gov.br/gabinetemilitar/pagina/informacoes-classificadas-e-desclassificadas
Gabinete Militar do Governador do Estado de Minas Gerais - GMG;GMG;;Documentação relativa a distribuição dos cargos/funções (distribuição dos cargos, postos, graduações e funções militares e civis nas estruturas organizacionais e postos de trabalho do GMG);Secreto;6 - Defesa Social e Segurança Pública;;2019-08-28;2019-08-28 00:00:00;;15 anos;2025-09-11;https://www.mg.gov.br/gabinetemilitar/pagina/informacoes-classificadas-e-desclassificadas
Gabinete Militar do Governador do Estado de Minas Gerais - GMG;GMG;;Registros dos serviços prestados ao GMG de agenciamento de viagens (passagens, hotéis, fretamentos e serviços correlatos) envolvendo a agenda do Governador ou do Vice-Governador;Secreto;6 - Defesa Social e Segurança Pública;;2025-06-25;2025-06-25 00:00:00;;15 anos;2025-09-11;https://www.mg.gov.br/gabinetemilitar/pagina/informacoes-classificadas-e-desclassificadas
Gabinete Militar do Governador do Estado de Minas Gerais - GMG;GMG;;Escalas de serviço da Superintendência de Segurança do Gabinete Militar do Governador;Secreto;6 - Defesa Social e Segurança Pública;;2019-08-28;2019-08-28 00:00:00;;15 anos;2025-09-11;https://www.mg.gov.br/gabinetemilitar/pagina/informacoes-classificadas-e-desclassificadas
Gabinete Militar do Governador do Estado de Minas Gerais - GMG;GMG;;Ordens de Serviço da Superintendência de Segurançado Gabinete Militar do Governador;Secreto;6 - Defesa Social e Segurança Pública;;2019-08-28;2019-08-28 00:00:00;;15 anos;2025-09-11;https://www.mg.gov.br/gabinetemilitar/pagina/informacoes-classificadas-e-desclassificadas
Gabinete Militar do Governador do Estado de Minas Gerais - GMG;GMG;;Relação dos veículos disponibilizados para o escritório de representação em Brasília;Secreto;6 - Defesa Social e Segurança Pública;;2019-08-28;2019-08-28 00:00:00;;15 anos;2025-09-11;https://www.mg.gov.br/gabinetemilitar/pagina/informacoes-classificadas-e-desclassificadas
Gabinete Militar do Governador do Estado de Minas Gerais - GMG;GMG;;Atos normativos e ordinatórios (como Memorandos e ofícios com recomendações às equipes de segurança);Secreto;6 - Defesa Social e Segurança Pública;;2019-08-20;2019-08-20 00:00:00;;15 anos;2025-09-11;https://www.mg.gov.br/gabinetemilitar/pagina/informacoes-classificadas-e-desclassificadas
Gabinete Militar do Governador do Estado de Minas Gerais - GMG;GMG;;Plantas e Projetos das edificações onde o Governador, Vice-Governador e Chefe do Gabinete Militar exercerem as suas funções e das respectivas residências oficiais;Ultrassecreto;6 - Defesa Social e Segurança Pública;;2019-08-28;2019-08-28 00:00:00;;25 anos;2025-09-11;https://www.mg.gov.br/gabinetemilitar/pagina/informacoes-classificadas-e-desclassificadas
Instituto de Desenvolvimento Integrado de Minas Gerais - InvestMinas;InvestMinas;001.11.5130;Estudos regionais e setoriais (direcionados às empresas e investidores), quando encomendados;Reservado;11 - Indústria;Art. 23, inciso II, da Lei Federal nº 12.527/2011;;Data em que o documento/informação for produzida;;5 anos;2025-06-06;https://investminas.mg.gov.br/pt/sobre/
Instituto de Desenvolvimento Integrado de Minas Gerais - InvestMinas;InvestMinas;003.11.5130;Informações consolidadas em Notas Técnicas sobre detalhes de projetos empresariais, como valor do investimento, localização, descrição do projeto, produtos, geração de empregos, pleitos das empresas, necessidades de licenciamento ambiental e infraestrutura;Reservado;11 - Indústria;Art. 23, inciso II, da Lei Federal nº 12.527/2011;;Data em que o documento/informação for produzida;;5 anos;2025-06-06;https://investminas.mg.gov.br/pt/sobre/
Instituto de Desenvolvimento Integrado de Minas Gerais - InvestMinas;InvestMinas;006.11.5130;Íntegra de Acordos de cooperação técnica;Reservado;11 - Indústria;Art. 23, inciso II, da Lei Federal nº 12.527/2011;;Data em que o documento/informação for produzida;;5 anos;2025-06-06;https://investminas.mg.gov.br/pt/sobre/
Instituto de Desenvolvimento Integrado de Minas Gerais - InvestMinas;InvestMinas;011.11.5130;Informações sobre portfólio de projetos em carteira na Invest Minas, onde constam dados sobre as atividades industriais e comerciais das empresas. Resalvada a parte que tratar projeto que resulta em protocolo de intenção que deve obdecer a classificação de ultrassecreto;Reservado;11 - Indústria;Art. 23, inciso II, da Lei Federal nº 12.527/2011;;Data em que o documento/informação for produzida;;5 anos;2025-06-06;https://investminas.mg.gov.br/pt/sobre/
Instituto de Desenvolvimento Integrado de Minas Gerais - InvestMinas;InvestMinas;012.11.5130;Listagens de empresas atendidas pela Invest Minas que constem dados comerciais, contábeis, cambiais e financeiros, bem como dados cadastrais confidenciais. Resalvada a parte que tratar projeto que resulta em protocolo de intenção que deve obdecer a classificação de ultrassecreto;Reservado;11 - Indústria;Art. 23, inciso II, da Lei Federal nº 12.527/2011;;Data em que o documento/informação for produzida;;5 anos;2025-06-06;https://investminas.mg.gov.br/pt/sobre/
Instituto de Desenvolvimento Integrado de Minas Gerais - InvestMinas;InvestMinas;013.11.5130; Relatórios de Mapeamento de Imóveis;Reservado;11 - Indústria;Art. 23, inciso II, da Lei Federal nº 12.527/2011;;Data em que o documento/informação for produzida;;5 anos;2025-06-06;https://investminas.mg.gov.br/pt/sobre/
Instituto de Desenvolvimento Integrado de Minas Gerais - InvestMinas;InvestMinas;014.11.5130;Informações para caracterização dos empreendimentos das empresas atendidas pela Invest Minas consolidadas no formulário ICE ou IP. Resalvada a parte que tratar projeto que resulta em protocolo de intenção que deve obdecer a classificação de ultrassecreto;Reservado;11 - Indústria;Art. 23, inciso II, da Lei Federal nº 12.527/2011;;Data em que o documento/informação for produzida;;5 anos;2025-06-06;https://investminas.mg.gov.br/pt/sobre/
Instituto de Desenvolvimento Integrado de Minas Gerais - InvestMinas;InvestMinas;015.11.5130;Projetos / estudos setoriais encomendados para utilização interna bem como as demandas  alusivas a investimento de empresas estrangeiras. Resalvada a parte que tratar projeto que resulta em protocolo de intenção que deve obdecer a classificação de ultrassecreto;Reservado;11 - Indústria;Art. 23, inciso II, da Lei Federal nº 12.527/2011;;Data em que o documento/informação for produzida;;5 anos;2025-06-06;https://investminas.mg.gov.br/pt/sobre/
Instituto de Desenvolvimento Integrado de Minas Gerais - InvestMinas;InvestMinas;002.11.5130;Relatórios de investimentos e projetos ativos/inativos para os mantenedores;Reservado;11 - Indústria;Art. 23, inciso VI da Lei Federal nº 12.527/2011;;Data em que o documento/informação for produzida;;5 anos;2025-06-06;https://investminas.mg.gov.br/pt/sobre/
Instituto de Desenvolvimento Integrado de Minas Gerais - InvestMinas;InvestMinas;008.04.5130;Processos, informações e documentos de auditoria interna, como relatórios trimestrais e anuais enviados ao conselho superior ;Reservado;4 – Controle Interno;Art. 23, inciso VIII, da Lei Federal nº 12.527/2011;;Data em que o documento/informação for produzida;;5 anos;2025-06-06;https://investminas.mg.gov.br/pt/sobre/
Instituto de Desenvolvimento Integrado de Minas Gerais - InvestMinas;InvestMinas;010.09.5130;Atas de reunião de Conselho Superior, na íntegra. Resalvada a parte que tratar de protocolo de intenção que deve obdecer a classificação de ultrassecreto;Reservado;11 - Indústria;Art. 23, incisos II e IV, da Lei Federal  nº 12.527/2011;;Data em que o documento/informação for produzida;;5 anos;2025-06-06;https://investminas.mg.gov.br/pt/sobre/
Instituto de Desenvolvimento Integrado de Minas Gerais - InvestMinas;InvestMinas;005.11.5130;Íntegra de Acordos de cooperação técnica;Secreto;11 - Indústria;Art. 23, incisos II e IV, da Lei Federal  nº 12.527/2011;;Data em que o documento/informação for produzida;;15 anos;2025-06-06;https://investminas.mg.gov.br/pt/sobre/
Instituto de Desenvolvimento Integrado de Minas Gerais - InvestMinas;InvestMinas;007.12.5130;Pareceres jurídicos relacionados a assuntos estratégicos;Reservado;12 - Justição e Legislação;Art. 23, incisos II e IV, da Lei Federal  nº 12.527/2011;;Data em que o documento/informação for produzida;;5 anos;2025-06-06;https://investminas.mg.gov.br/pt/sobre/
Instituto de Desenvolvimento Integrado de Minas Gerais - InvestMinas;InvestMinas;009.09.5130;Atas de reunião de Diretoria Executiva, na íntegra. Resalvada a parte que tratar de protocolo de intenção que deve obdecer a classificação de ultrassecreto;Reservado;9 - Governo e Política;Art. 23, incisos II e IV, da Lei Federal  nº 12.527/2011;;Data em que o documento/informação for produzida;;5 anos;2025-06-06;https://investminas.mg.gov.br/pt/sobre/
Instituto de Desenvolvimento Integrado de Minas Gerais - InvestMinas;InvestMinas;004.09.5130;Íntegra dos Protocolos de Intenções/Aditivos;Ultrassecreto;9 - Governo e Política;Art. 23, incisos II e IV, da Lei Federal  nº 12.527/2011;;Data em que o documento/informação for produzida;;25 anos;2025-06-06;https://investminas.mg.gov.br/pt/sobre/
Instituto de Metrologia e Qualidade do Estado de Minas Gerais - IPEM;IPEM;001.03.2331;Planos e programas de verificação e fiscalização das áreas metrológica e avaliação da conformidade.;Reservado;3 - Comércio, Serviços e Turismo;Art. 23, inciso VIII, da Lei Federal nº 12.527/2011;2024-03-01;2024-03-01 00:00:00;;5 anos;2025-06-11;https://ipem.mg.gov.br/2020-10-22-18-21-06/informacoes-classificadas
Instituto de Metrologia e Qualidade do Estado de Minas Gerais - IPEM;IPEM;002.03.2331;Roteiros de verificação e fiscalização das áreas metrológica e avaliação da conformidade.;Reservado;3 - Comércio, Serviços e Turismo;Art. 23, inciso VIII, da Lei Federal nº 12.527/2011;2024-03-01;2024-03-01 00:00:00;;5 anos;2025-06-11;https://ipem.mg.gov.br/2020-10-22-18-21-06/informacoes-classificadas
Polícia Civil do Estado de Minas Gerais - PCMG;PCMG;001.000001/2021-00.R.05.29/06/202021.29/06/2026.N;Equipamento e Especificações Técnicas;Reservado;6 - Defesa Social e Segurança Pública;Art. 23, inciso VIII, da Lei Federal nº 12.527/2011 C/C art. 25, inciso IX do Decreto nº 7.724/2012.;2015-07-06;2021-06-29 00:00:00;2026-06-29;5 anos;2025-06-09;https://drive.google.com/file/d/1wJWy2gwiSn6HX1_FjDDWDAvX-NXsQuuQ/view
Polícia Militar do Estado de Minas Gerais - PMMG;PMMG;7460.112422/2019-85.R.05.21/01/2019.21/01/2024.N;Inserir o assunto sobre o qual versa a informação;Reservado;6 - Defesa Social e Segurança Pública;Art. 23, inciso III, da Lei Federal nº 12.527/2011 C/C art. 29, inciso I, do Decreto Estadual 45969/2011;2021-06-02;2019-01-21 00:00:00;2024-05-16;5 anos;;https://www.policiamilitar.mg.gov.br/site/externo/pagina/10081/lei-de-acesso-%C3%A0-informa%C3%A7%C3%A3o
Polícia Militar do Estado de Minas Gerais - PMMG;PMMG;7460.112493/2023-63.R.05.26/10/2023.26/10/2028.N;Resposta ao Requerimento de informações 557/2023;Reservado;6 - Defesa Social e Segurança Pública;Art. 23, inciso V, da Lei Federal nº 12.527/2011;2022-02-25;2023-10-26 00:00:00;;5 anos;;https://www.policiamilitar.mg.gov.br/site/externo/pagina/10081/lei-de-acesso-%C3%A0-informa%C3%A7%C3%A3o
Polícia Militar do Estado de Minas Gerais - PMMG;PMMG;7460.112494/2023-53.R.05.26/10/2023.26/10/2028.N;Resposta ao Requerimento de informações 1602/2023;Reservado;6 - Defesa Social e Segurança Pública;Art. 23, inciso V, da Lei Federal nº 12.527/2011;2022-02-25;2023-10-26 00:00:00;;5 anos;;https://www.policiamilitar.mg.gov.br/site/externo/pagina/10081/lei-de-acesso-%C3%A0-informa%C3%A7%C3%A3o
Polícia Militar do Estado de Minas Gerais - PMMG;PMMG;7460.112497/2023-52.R.05.06/11/2023.06/11/2028.N;Postos de combustível Orgânico da PMMG;Reservado;6 - Defesa Social e Segurança Pública;Art. 23, inciso VII da Lei Federal nº 12.527/2011;2017-09-12;2025-11-06 00:00:00;;5 anos;;https://www.policiamilitar.mg.gov.br/site/externo/pagina/10081/lei-de-acesso-%C3%A0-informa%C3%A7%C3%A3o
Polícia Militar do Estado de Minas Gerais - PMMG;PMMG;7460.112495/2023-52.R.05.31/10/2023.31/10/2028.N;Resposta ao Requerimento de informações 557/2023;Reservado;6 - Defesa Social e Segurança Pública;Art. 23, inciso VII da Lei Federal nº 12.527/2011;2017-09-12;2023-10-31 00:00:00;;5 anos;;https://www.policiamilitar.mg.gov.br/site/externo/pagina/10081/lei-de-acesso-%C3%A0-informa%C3%A7%C3%A3o
Polícia Militar do Estado de Minas Gerais - PMMG;PMMG;7460.112496/2023-52.R.05.31/10/2023.31/10/2028.N;Resposta ao Requerimento de informações 1602/2023;Reservado;6 - Defesa Social e Segurança Pública;Art. 23, inciso VII da Lei Federal nº 12.527/2011;2017-09-12;2023-10-31 00:00:00;;5 anos;;https://www.policiamilitar.mg.gov.br/site/externo/pagina/10081/lei-de-acesso-%C3%A0-informa%C3%A7%C3%A3o
Polícia Militar do Estado de Minas Gerais - PMMG;PMMG;0718.112421/2019-85.R.05.21/01/2019.21/01/2024.N;Inserir o assunto sobre o qual versa a informação;Reservado;6 - Defesa Social e Segurança Pública;Art. 23, inciso VII da Lei Federal nº 12.527/2011;2022-02-25;2019-01-21 00:00:00;2024-05-20;5 anos;;https://www.policiamilitar.mg.gov.br/site/externo/pagina/10081/lei-de-acesso-%C3%A0-informa%C3%A7%C3%A3o
Polícia Militar do Estado de Minas Gerais - PMMG;PMMG;0718.112444/2019-74.R.05.02/05/2019.02/05/2024.N;Inserir o assunto sobre o qual versa a informação;Reservado;6 - Defesa Social e Segurança Pública;Art. 23, inciso VII da Lei Federal nº 12.527/2011;2022-06-22;2019-05-02 00:00:00;2024-05-20;5 anos;;https://www.policiamilitar.mg.gov.br/site/externo/pagina/10081/lei-de-acesso-%C3%A0-informa%C3%A7%C3%A3o
Polícia Militar do Estado de Minas Gerais - PMMG;PMMG;7460.112429/2019-64.R.05.15/02/2019.15/02/2024.N;Inserir o assunto sobre o qual versa a informação;Reservado;6 - Defesa Social e Segurança Pública;Art. 23, inciso VII da Lei Federal nº 12.527/2011;2021-06-02;2019-02-15 00:00:00;2024-05-16;5 anos;;https://www.policiamilitar.mg.gov.br/site/externo/pagina/10081/lei-de-acesso-%C3%A0-informa%C3%A7%C3%A3o
Polícia Militar do Estado de Minas Gerais - PMMG;PMMG;2903.112427/2019-74.R.05.07/02/2019.07/02/2024.N;Inserir o assunto sobre o qual versa a informação;Reservado;6 - Defesa Social e Segurança Pública;Art. 23, inciso VIII, da Lei Federal nº 12.527/2011;2022-02-25;2019-02-07 00:00:00;2024-05-20;5 anos;;https://www.policiamilitar.mg.gov.br/site/externo/pagina/10081/lei-de-acesso-%C3%A0-informa%C3%A7%C3%A3o
Polícia Militar do Estado de Minas Gerais - PMMG;PMMG;7460.112397/2018-52.R.05.13/06/2018.13/06/2023.N;Inserir o assunto sobre o qual versa a informação;Reservado;6 - Defesa Social e Segurança Pública;Art. 23, inciso VIII, da Lei Federal nº 12.527/2011;2025-06-12;2018-06-13 00:00:00;2024-05-20;5 anos;;https://www.policiamilitar.mg.gov.br/site/externo/pagina/10081/lei-de-acesso-%C3%A0-informa%C3%A7%C3%A3o
Polícia Militar do Estado de Minas Gerais - PMMG;PMMG;7460.112399/2018-52.R.05.13/07/2018.13/07/2023.N;Inserir o assunto sobre o qual versa a informação;Reservado;6 - Defesa Social e Segurança Pública;Art. 23, inciso VIII, da Lei Federal nº 12.527/2011;2025-12-22;2018-07-13 00:00:00;2024-05-16;5 anos;;https://www.policiamilitar.mg.gov.br/site/externo/pagina/10081/lei-de-acesso-%C3%A0-informa%C3%A7%C3%A3o
Polícia Militar do Estado de Minas Gerais - PMMG;PMMG;7460.112400/2018-96.R.05.16/07/2018.16/07/2023.N;Inserir o assunto sobre o qual versa a informação;Reservado;6 - Defesa Social e Segurança Pública;Art. 23, inciso VIII, da Lei Federal nº 12.527/2011;2020-12-11;2018-07-16 00:00:00;2024-05-16;5 anos;;https://www.policiamilitar.mg.gov.br/site/externo/pagina/10081/lei-de-acesso-%C3%A0-informa%C3%A7%C3%A3o
Polícia Militar do Estado de Minas Gerais - PMMG;PMMG;7460.112403/2018-86.R.05.27/07/2018.27/07/2023.N;Inserir o assunto sobre o qual versa a informação;Reservado;6 - Defesa Social e Segurança Pública;Art. 23, inciso VIII, da Lei Federal nº 12.527/2011;2021-06-02;2018-07-27 00:00:00;2024-05-16;5 anos;;https://www.policiamilitar.mg.gov.br/site/externo/pagina/10081/lei-de-acesso-%C3%A0-informa%C3%A7%C3%A3o
Polícia Militar do Estado de Minas Gerais - PMMG;PMMG;7460.112409/2018-74.R.05.16/08/2018.16/08/2023.N;Inserir o assunto sobre o qual versa a informação;Reservado;6 - Defesa Social e Segurança Pública;Art. 23, inciso VIII, da Lei Federal nº 12.527/2011;2021-06-02;2018-08-16 00:00:00;2024-05-16;5 anos;;https://www.policiamilitar.mg.gov.br/site/externo/pagina/10081/lei-de-acesso-%C3%A0-informa%C3%A7%C3%A3o
Polícia Militar do Estado de Minas Gerais - PMMG;PMMG;7460.112410/2018-86.R.05.16/08/2018.16/08/2023.N;Inserir o assunto sobre o qual versa a informação;Reservado;6 - Defesa Social e Segurança Pública;Art. 23, inciso VIII, da Lei Federal nº 12.527/2011;2021-06-02;2018-08-16 00:00:00;2024-05-16;5 anos;;https://www.policiamilitar.mg.gov.br/site/externo/pagina/10081/lei-de-acesso-%C3%A0-informa%C3%A7%C3%A3o
Polícia Militar do Estado de Minas Gerais - PMMG;PMMG;7460.112411/2018-86.R.05.17/08/2018.17/08/2023.N;Inserir o assunto sobre o qual versa a informação;Reservado;6 - Defesa Social e Segurança Pública;Art. 23, inciso VIII, da Lei Federal nº 12.527/2011;2021-06-02;2018-08-17 00:00:00;2024-05-16;5 anos;;https://www.policiamilitar.mg.gov.br/site/externo/pagina/10081/lei-de-acesso-%C3%A0-informa%C3%A7%C3%A3o
Polícia Militar do Estado de Minas Gerais - PMMG;PMMG;7460.112412/2018-86.R.05.27/08/2018.27/08/2023.N;Inserir o assunto sobre o qual versa a informação;Reservado;6 - Defesa Social e Segurança Pública;Art. 23, inciso VIII, da Lei Federal nº 12.527/2011;2021-06-02;2018-08-27 00:00:00;2024-05-16;5 anos;;https://www.policiamilitar.mg.gov.br/site/externo/pagina/10081/lei-de-acesso-%C3%A0-informa%C3%A7%C3%A3o
Polícia Militar do Estado de Minas Gerais - PMMG;PMMG;7460.112414/2018-85.R.05.10/09/2018.10/09/2023.N;Inserir o assunto sobre o qual versa a informação;Reservado;6 - Defesa Social e Segurança Pública;Art. 23, inciso VIII, da Lei Federal nº 12.527/2011;2021-06-02;2018-09-10 00:00:00;2024-05-16;5 anos;;https://www.policiamilitar.mg.gov.br/site/externo/pagina/10081/lei-de-acesso-%C3%A0-informa%C3%A7%C3%A3o
Polícia Militar do Estado de Minas Gerais - PMMG;PMMG;7460.112415/2018-75.R.05.11/11/2018.11/11/2023.N;Inserir o assunto sobre o qual versa a informação;Reservado;6 - Defesa Social e Segurança Pública;Art. 23, inciso VIII, da Lei Federal nº 12.527/2011;2021-06-02;2018-11-11 00:00:00;2024-05-16;5 anos;;https://www.policiamilitar.mg.gov.br/site/externo/pagina/10081/lei-de-acesso-%C3%A0-informa%C3%A7%C3%A3o
Polícia Militar do Estado de Minas Gerais - PMMG;PMMG;7460.112416/2018-75.R.05.12/11/2018.12/11/2023.N;Inserir o assunto sobre o qual versa a informação;Reservado;6 - Defesa Social e Segurança Pública;Art. 23, inciso VIII, da Lei Federal nº 12.527/2011;2021-06-02;2018-11-12 00:00:00;2024-05-16;5 anos;;https://www.policiamilitar.mg.gov.br/site/externo/pagina/10081/lei-de-acesso-%C3%A0-informa%C3%A7%C3%A3o
Polícia Militar do Estado de Minas Gerais - PMMG;PMMG;7460.112419/2019-74.R.05.07/01/2019.07/01/2024.N;Inserir o assunto sobre o qual versa a informação;Reservado;6 - Defesa Social e Segurança Pública;Art. 23, inciso VIII, da Lei Federal nº 12.527/2011;2021-06-02;2019-01-07 00:00:00;2024-05-16;5 anos;;https://www.policiamilitar.mg.gov.br/site/externo/pagina/10081/lei-de-acesso-%C3%A0-informa%C3%A7%C3%A3o
Polícia Militar do Estado de Minas Gerais - PMMG;PMMG;7460.112420/2019-86.R.05.15/01/2019.15/01/2024.N;Inserir o assunto sobre o qual versa a informação;Reservado;6 - Defesa Social e Segurança Pública;Art. 23, inciso VIII, da Lei Federal nº 12.527/2011;2021-06-02;2019-01-15 00:00:00;2024-05-16;5 anos;;https://www.policiamilitar.mg.gov.br/site/externo/pagina/10081/lei-de-acesso-%C3%A0-informa%C3%A7%C3%A3o
Polícia Militar do Estado de Minas Gerais - PMMG;PMMG;7460.112426/2019-74.R.05.04/02/2019.04/02/2024.N;Inserir o assunto sobre o qual versa a informação;Reservado;6 - Defesa Social e Segurança Pública;Art. 23, inciso VIII, da Lei Federal nº 12.527/2011;2021-06-02;2019-02-04 00:00:00;2024-05-16;5 anos;;https://www.policiamilitar.mg.gov.br/site/externo/pagina/10081/lei-de-acesso-%C3%A0-informa%C3%A7%C3%A3o
Polícia Militar do Estado de Minas Gerais - PMMG;PMMG;7460.112428/2019-74.R.05.13/02/2019.13/02/2024.N;Inserir o assunto sobre o qual versa a informação;Reservado;6 - Defesa Social e Segurança Pública;Art. 23, inciso VIII, da Lei Federal nº 12.527/2011;2021-06-02;2019-02-13 00:00:00;2024-05-16;5 anos;;https://www.policiamilitar.mg.gov.br/site/externo/pagina/10081/lei-de-acesso-%C3%A0-informa%C3%A7%C3%A3o
Polícia Militar do Estado de Minas Gerais - PMMG;PMMG;7460.112431/2019-85.R.05.28/02/2019.28/02/2024.N;Inserir o assunto sobre o qual versa a informação;Reservado;6 - Defesa Social e Segurança Pública;Art. 23, inciso VIII, da Lei Federal nº 12.527/2011;2021-06-02;2019-02-28 00:00:00;2024-05-16;5 anos;;https://www.policiamilitar.mg.gov.br/site/externo/pagina/10081/lei-de-acesso-%C3%A0-informa%C3%A7%C3%A3o
Polícia Militar do Estado de Minas Gerais - PMMG;PMMG;7460.112434/2019-74.R.05.21/03/2019.21/03/2024.N;Inserir o assunto sobre o qual versa a informação;Reservado;6 - Defesa Social e Segurança Pública;Art. 23, inciso VIII, da Lei Federal nº 12.527/2011;2021-06-02;2019-03-21 00:00:00;2024-05-16;5 anos;;https://www.policiamilitar.mg.gov.br/site/externo/pagina/10081/lei-de-acesso-%C3%A0-informa%C3%A7%C3%A3o
Polícia Militar do Estado de Minas Gerais - PMMG;PMMG;7460.112435/2019-74.R.05.21/03/2019.21/03/2024.N;Inserir o assunto sobre o qual versa a informação;Reservado;6 - Defesa Social e Segurança Pública;Art. 23, inciso VIII, da Lei Federal nº 12.527/2011;2021-06-02;2019-03-21 00:00:00;2024-05-16;5 anos;;https://www.policiamilitar.mg.gov.br/site/externo/pagina/10081/lei-de-acesso-%C3%A0-informa%C3%A7%C3%A3o
Polícia Militar do Estado de Minas Gerais - PMMG;PMMG;7460.112436/2019-74.R.05.21/03/2019.21/03/2024.N;Inserir o assunto sobre o qual versa a informação;Reservado;6 - Defesa Social e Segurança Pública;Art. 23, inciso VIII, da Lei Federal nº 12.527/2011;2021-06-02;2019-03-21 00:00:00;2024-05-16;5 anos;;https://www.policiamilitar.mg.gov.br/site/externo/pagina/10081/lei-de-acesso-%C3%A0-informa%C3%A7%C3%A3o
Polícia Militar do Estado de Minas Gerais - PMMG;PMMG;7460.112437/2019-64.R.05.25/03/2019.25/03/2024.N;Inserir o assunto sobre o qual versa a informação;Reservado;6 - Defesa Social e Segurança Pública;Art. 23, inciso VIII, da Lei Federal nº 12.527/2011;2021-06-02;2019-03-25 00:00:00;2024-05-16;5 anos;;https://www.policiamilitar.mg.gov.br/site/externo/pagina/10081/lei-de-acesso-%C3%A0-informa%C3%A7%C3%A3o
Polícia Militar do Estado de Minas Gerais - PMMG;PMMG;7460.112438/2019-64.R.05.27/03/2019.27/03/2024.N;Inserir o assunto sobre o qual versa a informação;Reservado;6 - Defesa Social e Segurança Pública;Art. 23, inciso VIII, da Lei Federal nº 12.527/2011;2021-06-02;2019-03-27 00:00:00;2024-05-16;5 anos;;https://www.policiamilitar.mg.gov.br/site/externo/pagina/10081/lei-de-acesso-%C3%A0-informa%C3%A7%C3%A3o
Polícia Militar do Estado de Minas Gerais - PMMG;PMMG;7460.112440/2019-75.R.05.04/04/2019.04/04/2024.N;Inserir o assunto sobre o qual versa a informação;Reservado;6 - Defesa Social e Segurança Pública;Art. 23, inciso VIII, da Lei Federal nº 12.527/2011;2024-12-30;2019-04-04 00:00:00;2024-05-16;5 anos;;https://www.policiamilitar.mg.gov.br/site/externo/pagina/10081/lei-de-acesso-%C3%A0-informa%C3%A7%C3%A3o
Polícia Militar do Estado de Minas Gerais - PMMG;PMMG;7460.112445/2019-74.R.05.14/05/2019.14/05/2024.N;Inserir o assunto sobre o qual versa a informação;Reservado;6 - Defesa Social e Segurança Pública;Art. 23, inciso VIII, da Lei Federal nº 12.527/2011;2019-02-04;2019-05-14 00:00:00;2024-05-16;5 anos;;https://www.policiamilitar.mg.gov.br/site/externo/pagina/10081/lei-de-acesso-%C3%A0-informa%C3%A7%C3%A3o
Polícia Militar do Estado de Minas Gerais - PMMG;PMMG;7460.112398/2018-52.R.05.20/06/2018.20/06/2023.N;Inserir o assunto sobre o qual versa a informação;Reservado;6 - Defesa Social e Segurança Pública;Art. 23, inciso VIII, da Lei Federal nº 12.527/2011 C/C art. 29, inciso I, do Decreto Estadual nº 45.969/2011;2025-06-12;2018-06-20 00:00:00;2024-05-20;5 anos;;https://www.policiamilitar.mg.gov.br/site/externo/pagina/10081/lei-de-acesso-%C3%A0-informa%C3%A7%C3%A3o
Polícia Militar do Estado de Minas Gerais - PMMG;PMMG;7460.112418/2018-74.R.05.27/12/2018.27/12/2023.N;Inserir o assunto sobre o qual versa a informação;Reservado;6 - Defesa Social e Segurança Pública;Art. 23, inciso VIII, da Lei Federal nº 12.527/2011 C/C art. 29, inciso I, do Decreto Estadual nº 45.969/2011;2021-06-02;2018-12-27 00:00:00;2024-05-16;5 anos;;https://www.policiamilitar.mg.gov.br/site/externo/pagina/10081/lei-de-acesso-%C3%A0-informa%C3%A7%C3%A3o
Polícia Militar do Estado de Minas Gerais - PMMG;PMMG;7460.112432/2019-75.R.05.19/03/2019.19/03/2024.N;Inserir o assunto sobre o qual versa a informação;Reservado;6 - Defesa Social e Segurança Pública;Art. 23, inciso VIII, da Lei Federal nº 12.527/2011 C/C art. 29, inciso I, do Decreto Estadual nº 45.969/2011;2021-06-02;2019-03-19 00:00:00;2024-05-16;5 anos;;https://www.policiamilitar.mg.gov.br/site/externo/pagina/10081/lei-de-acesso-%C3%A0-informa%C3%A7%C3%A3o
Polícia Militar do Estado de Minas Gerais - PMMG;PMMG;7460.112442/2019-75.R.05.16/04/2019.16/04/2024.N;Inserir o assunto sobre o qual versa a informação;Reservado;6 - Defesa Social e Segurança Pública;Art. 23, inciso VIII, da Lei Federal nº 12.527/2011 C/C art. 29, inciso I, do Decreto Estadual nº 45.969/2011;2016-12-30;2019-04-16 00:00:00;2024-05-16;5 anos;;https://www.policiamilitar.mg.gov.br/site/externo/pagina/10081/lei-de-acesso-%C3%A0-informa%C3%A7%C3%A3o
Polícia Militar do Estado de Minas Gerais - PMMG;PMMG;7460.112443/2019-74.R.05.16/04/2019.16/04/2024.N;Inserir o assunto sobre o qual versa a informação;Reservado;6 - Defesa Social e Segurança Pública;Art. 23, inciso VIII, da Lei Federal nº 12.527/2011 C/C art. 29, inciso I, do Decreto Estadual nº 45.969/2011;2018-02-01;2019-04-16 00:00:00;2024-05-16;5 anos;;https://www.policiamilitar.mg.gov.br/site/externo/pagina/10081/lei-de-acesso-%C3%A0-informa%C3%A7%C3%A3o
Polícia Militar do Estado de Minas Gerais - PMMG;PMMG;7460.112447/2019-63.R.05.24/05/2019.24/05/2024.N;Inserir o assunto sobre o qual versa a informação;Reservado;6 - Defesa Social e Segurança Pública;Art. 23, inciso VIII, da Lei Federal nº 12.527/2011 C/C art. 29, inciso I, do Decreto Estadual nº 45.969/2011;2019-12-20;2019-05-24 00:00:00;2024-05-16;5 anos;;https://www.policiamilitar.mg.gov.br/site/externo/pagina/10081/lei-de-acesso-%C3%A0-informa%C3%A7%C3%A3o
Polícia Militar do Estado de Minas Gerais - PMMG;PMMG;7460.112457/2019-63.R.05.15/02/2019.15/02/2024.N;Inserir o assunto sobre o qual versa a informação;Reservado;6 - Defesa Social e Segurança Pública;Art. 23, inciso VIII, da Lei Federal nº 12.527/2011 C/C art. 29, inciso I, do Decreto Estadual nº 45.969/2011;2021-08-18;2019-02-15 00:00:00;2024-05-16;5 anos;;https://www.policiamilitar.mg.gov.br/site/externo/pagina/10081/lei-de-acesso-%C3%A0-informa%C3%A7%C3%A3o
Polícia Militar do Estado de Minas Gerais - PMMG;PMMG;7460.112404/2018-85.R.05.27/07/2018.27/07/2023.N;Inserir o assunto sobre o qual versa a informação;Reservado;6 - Defesa Social e Segurança Pública;Art. 23, inciso(s) VIII, III, da Lei Federal nº 12.527/2011;2021-06-02;2018-07-27 00:00:00;2024-05-16;5 anos;;https://www.policiamilitar.mg.gov.br/site/externo/pagina/10081/lei-de-acesso-%C3%A0-informa%C3%A7%C3%A3o
Polícia Militar do Estado de Minas Gerais - PMMG;PMMG;7460.112405/2018-85.R.05.27/07/2018.27/07/2023.N;Inserir o assunto sobre o qual versa a informação;Reservado;6 - Defesa Social e Segurança Pública;Art. 23, inciso(s) VIII, III, da Lei Federal nº 12.527/2011;2021-06-02;2018-07-27 00:00:00;2024-05-16;5 anos;;https://www.policiamilitar.mg.gov.br/site/externo/pagina/10081/lei-de-acesso-%C3%A0-informa%C3%A7%C3%A3o
Polícia Militar do Estado de Minas Gerais - PMMG;PMMG;7460.112401/2018-86.R.05.23/07/2018.23/07/2023.N;Inserir o assunto sobre o qual versa a informação;Reservado;6 - Defesa Social e Segurança Pública;Art. 29, inciso I, do Decreto Estadual nº 45.969/2011;2021-06-02;2018-07-23 00:00:00;2024-05-16;5 anos;;https://www.policiamilitar.mg.gov.br/site/externo/pagina/10081/lei-de-acesso-%C3%A0-informa%C3%A7%C3%A3o
Polícia Militar do Estado de Minas Gerais - PMMG;PMMG;7460.112407/2018-75.R.05.13/08/2018.13/08/2023.N;Inserir o assunto sobre o qual versa a informação;Reservado;6 - Defesa Social e Segurança Pública;Art. 29, inciso I, do Decreto Estadual nº 45.969/2011;2021-06-02;2018-08-13 00:00:00;2024-05-16;5 anos;;https://www.policiamilitar.mg.gov.br/site/externo/pagina/10081/lei-de-acesso-%C3%A0-informa%C3%A7%C3%A3o
Polícia Militar do Estado de Minas Gerais - PMMG;PMMG;7460.112413/2018-85.R.05.03/09/2018.03/09/2023.N;Inserir o assunto sobre o qual versa a informação;Reservado;6 - Defesa Social e Segurança Pública;Art. 29, inciso I, do Decreto Estadual nº 45.969/2011;2021-06-02;2018-09-03 00:00:00;2024-05-16;5 anos;;https://www.policiamilitar.mg.gov.br/site/externo/pagina/10081/lei-de-acesso-%C3%A0-informa%C3%A7%C3%A3o
Polícia Militar do Estado de Minas Gerais - PMMG;PMMG;7460.112439/2019-63.R.05.27/03/2019.27/03/2024.N;Inserir o assunto sobre o qual versa a informação;Reservado;6 - Defesa Social e Segurança Pública;Art. 29, inciso I, do Decreto Estadual nº 45.969/2011;2021-06-02;2019-03-27 00:00:00;2024-05-16;5 anos;;https://www.policiamilitar.mg.gov.br/site/externo/pagina/10081/lei-de-acesso-%C3%A0-informa%C3%A7%C3%A3o
Polícia Militar do Estado de Minas Gerais - PMMG;PMMG;7460.112441/2019-75.R.05.15/04/2019.15/04/2024.N;Inserir o assunto sobre o qual versa a informação;Reservado;6 - Defesa Social e Segurança Pública;Art. 29, inciso I, do Decreto Estadual nº 45.969/2011;2019-09-04;2019-04-15 00:00:00;2024-05-16;5 anos;;https://www.policiamilitar.mg.gov.br/site/externo/pagina/10081/lei-de-acesso-%C3%A0-informa%C3%A7%C3%A3o
Secretaria de Estado de Fazenda - SEF;SEF;;Regimes   especiais que dispõem sobre obrigações principais e acessórias, e respectivos   pareceres e estudos que os embasaram;Ultrassecreto;7 - Economia e Finanças;Art. 23, inciso IV e art. 24, caput, § 1º, inciso I e § 5º, inciso I, da Lei Federal nº 12.527/2011 C/C Decreto Estadual nº 45.969/2012, art. 1º, caput, 4º, art. 7º, art. 8º, inciso III, art. 9º e art. 13 da Resolução nº 4.671/2014, do Secretário de Estado de Fazenda de Minas Gerais;2025-06-13;2022-02-25 00:00:00;;25 anos;2025-06-12;https://www.fazenda.mg.gov.br/transparencia/informacoes-classificadas-e-desclassificadas/
Secretaria de Estado de Fazenda - SEF;SEF;;Processos   e documentos referentes à imunidade, isenções e demais benefícios fiscais do   IPVA, ITCD e Taxas Estaduais, exceto as consultas sobre aplicação da   Legislação Tributária;Ultrassecreto;7 - Economia e Finanças;Art. 23, inciso IV e art. 24, caput, § 1º, inciso I e § 5º, inciso I, da Lei Federal nº 12.527/2011 C/C Decreto Estadual nº 45.969/2012, art. 1º, caput, art. 4º, art. 7º, art. 8º, inciso III, art. 9º e art. 13 da Resolução nº 4.671/2014, do Secretário de Estado de Fazenda de Minas Gerais;2022-02-25;2022-02-25 00:00:00;;25 anos;2025-06-12;https://www.fazenda.mg.gov.br/transparencia/informacoes-classificadas-e-desclassificadas/
Secretaria de Estado de Fazenda - SEF;SEF;;Processos e documentos referentes à aplicação   de benefícios fiscais de que tratam o RICMS/02 e seus anexos I, II, IV, IX e   XVI, exceto as consultas sobre aplicação da Legislação Tributária;Ultrassecreto;7 - Economia e Finanças;"Art. 23, inciso IV e art. 24, caput, § 1º, inciso I e § 5º, inciso I, da Lei Federal nº 12.527/2011 C/C Decreto Estadual nº 45.969, de  24/05/2012; art. 1º, Caput, art. 4º, art. 7º, art. 8º, inciso III, art. 9º e art. 13 da Resolução nº  4.671/2014, do Secretário de Estado de Fazenda de Minas Gerais";2025-06-13;2022-02-25 00:00:00;;25 anos;2025-06-12;https://www.fazenda.mg.gov.br/transparencia/informacoes-classificadas-e-desclassificadas/
Secretaria de Estado de Fazenda - SEF;SEF;;Informações contábeis custodiadas pela   Superintendência Central de Contadoria-Geral (SCCG) específicas de unidades   orçamentárias e/ou executoras;Ultrassecreto;7 - Economia e Finanças;Art. 23, inciso IV, da Lei Federal nº 12.527/2011;2022-12-30;2017-09-12 00:00:00;;25 anos;2025-06-12;https://www.fazenda.mg.gov.br/transparencia/informacoes-classificadas-e-desclassificadas/
Secretaria de Estado de Fazenda - SEF;SEF;;Informações   sobre acesso, perfil e rastreabilidade de usuários e registros de transações   executadas no Sistema Integrado de Administração Financeira (SIAFI/MG);Ultrassecreto;7 - Economia e Finanças;Art. 23, inciso IV, da Lei Federal nº 12.527/2011;2022-12-28;2017-09-12 00:00:00;;25 anos;2025-06-12;https://www.fazenda.mg.gov.br/transparencia/informacoes-classificadas-e-desclassificadas/
Secretaria de Estado de Fazenda - SEF;SEF;;Regimes especiais que dispõem sobre benefícios   fiscais e respectivos pareceres, estudo que embasaram e consultas de   contribuintes a eles referentes;Ultrassecreto;7 - Economia e Finanças;Art. 23, inciso VI e art. 24, caput, § 1º, inciso I e § 5º, inciso I, da Lei Federal nº 12.527/2011 C/C art. 29, inciso I, art. 30 e art. 36 do Decreto Estadual nº 45.969/2012 C/C art. 1º, caput,art. 4º, art. 7º, inciso III, art. 8º, inciso I, art. 9º e  art. 13 da Resolução nº 4.671/2014, do Secretário de Estado de Fazenda de Minas Gerais;2022-02-25;2022-02-25 00:00:00;;25 anos;2025-06-12;https://www.fazenda.mg.gov.br/transparencia/informacoes-classificadas-e-desclassificadas/
Secretaria de Estado de Fazenda - SEF;SEF;;Protocolos de Intenções;Ultrassecreto;7 - Economia e Finanças;Art. 23, incisos II, IV e VI, da Lei Federal nº 12.527/2011;2020-12-29;2017-09-12 00:00:00;;25 anos;2025-06-12;https://www.fazenda.mg.gov.br/transparencia/informacoes-classificadas-e-desclassificadas/
Secretaria de Estado de Fazenda - SEF;SEF;;Extrato   de contas e movimentações financeiras;Ultrassecreto;7 - Economia e Finanças;Art. 23, incisos II, IV e VI, da Lei Federal nº 12.527/2011;2021-08-18;2015-07-06 00:00:00;;25 anos;2025-06-12;https://www.fazenda.mg.gov.br/transparencia/informacoes-classificadas-e-desclassificadas/
Secretaria de Estado de Fazenda - SEF;SEF;;Acordo   de Cooperação Técnica nº 1910003054/SEF-MG. Processo SEI nº   1190.01.0006287/2022-26 Estado de Minas Gerais / Secretaria de Estado de   Fazenda e União / Superintendência da Polícia Rodoviária Federal do Estado de   Minas Gerais;Reservado;7 - Economia e Finanças;Art. 23, incisos VI, VII e VIII e art. 24, caput, § 1º, inciso I, da Lei Federal nº 12.527/2011 C/C art. 28 do Decreto Estadual nº 45.969/2012;2022-06-22;2022-06-22 00:00:00;;5 anos;2025-06-12;https://www.fazenda.mg.gov.br/transparencia/informacoes-classificadas-e-desclassificadas/
Secretaria de Estado de Fazenda - SEF;SEF;;Disponibilidade de Caixa - Contrato de Prestação de Serviços   Financeiros e outras Avenças, N.º 1900010998, que entre si celebram o Estado   de Minas Gerais e o Banco do Brasil S.A., de 21/12/2021, exceto as   informações publicadas no Diário Oficial do Estado de Minas Gerais em   22/12/2021;Reservado;7 - Economia e Finanças;Art. 23, inciso IV e art. 24, caput e § 1º, inciso III e § 5º, inciso I, da Lei Federal nº 12.527/2011 C/C art. 29, inciso I, art. 30, inciso III e art. 36 do Decreto Estadual nº 45.969/2012, art. 1º , Caput, art. 4º, art. 7º, inciso I, art.  8º, inciso III, art. 9º e art. 13 da Resolução nº 4.671/2014, do Secretário de Estado de Fazenda de Minas Gerais;2025-06-12;2025-06-12 00:00:00;;5 anos;2025-06-12;https://www.fazenda.mg.gov.br/transparencia/informacoes-classificadas-e-desclassificadas/
Secretaria de Estado de Fazenda - SEF;SEF;;Folha de Pagamento - CONTRATO Nº 1900010957/2021, DE PRESTAÇÃO   DE SERVIÇOS, QUE ENTRE SI CELEBRAM O ESTADO DE MINAS GERAIS, POR INTERMÉDIO   DA SECRETARIA DE ESTADO DE FAZENDA - SEF/MG E O ITAÚ UNIBANCO S/A, de   02/08/2021, exceto as informações publicadas no Diário Oficial do Estado de   Minas Gerais em em 03/08/2021;Reservado;7 - Economia e Finanças;Art. 23, inciso IV e art. 24, caput e § 1º, inciso III e § 5º, inciso I, da Lei Federal nº 12.527/2011 C/C art. 29, inciso I, art. 30,inciso III e art. 36 do Decreto Estadual nº 45.969/2012, art 1º, Caput, art. 4º, art. 7º, inciso I, art. 8º, inciso III, art. 9º e art. 13 da Resolução nº4.671/2014, do Secretário de Estado de Fazenda de Minas Gerais;2025-06-12;2025-06-12 00:00:00;;5 anos;2025-06-12;https://www.fazenda.mg.gov.br/transparencia/informacoes-classificadas-e-desclassificadas/
Secretaria de Estado de Justiça e Segurança Pública - SEJUSP;SEJUSP;032.06.1450;Informações contidas em processos do sistema SEI! que tratam especificamente do Termo de Compromisso firmado entre a Sejusp, Vale e Ministério Público.;Ultrassecreto;6 - Defesa Social e Segurança Pública;Art. 22 e art. 23, incisos III, VI e VII da Lei Federal nº 12.527/2011;2024-12-30;2024-12-30 00:00:00;;25 anos;2024-12-30;https://www.seguranca.mg.gov.br/index.php/transparencia/informacoes-classificadas-e-desclassificadas2
Secretaria de Estado de Justiça e Segurança Pública - SEJUSP;SEJUSP;003.06.1450;Informações referentes a veículos, contratados e oficiais, para transporte rodoviário de servidores públicos e de carga utilizados no âmbito da SEJUSP. [1];Reservado;6 - Defesa Social e Segurança Pública;Art. 23, inciso III, da Lei Federal nº 12.527/2011;2021-06-02;2021-06-02 00:00:00;;5 anos;2024-12-30;https://www.seguranca.mg.gov.br/index.php/transparencia/informacoes-classificadas-e-desclassificadas2
Secretaria de Estado de Justiça e Segurança Pública - SEJUSP;SEJUSP;007.06.1450;Dados relacionados ao processo de visitação a presos nas unidades prisionais.;Reservado;6 - Defesa Social e Segurança Pública;Art. 23, inciso III, da Lei Federal nº 12.527/2011;2021-06-02;2021-06-02 00:00:00;;5 anos;2024-12-30;https://www.seguranca.mg.gov.br/index.php/transparencia/informacoes-classificadas-e-desclassificadas2
Secretaria de Estado de Justiça e Segurança Pública - SEJUSP;SEJUSP;008.06.1450;Informações relativas a escolta/acompanhamento de Indivíduos Privados de Liberdade (IPLs), de adolescentes autores de atos infracionais e de adolescentes acautelados e equipamentos de segurança nos sistemas prisional e socioeducativo. [2];Reservado;6 - Defesa Social e Segurança Pública;Art. 23, inciso III, da Lei Federal nº 12.527/2011;2021-06-02;2021-06-02 00:00:00;;5 anos;2024-12-30;https://www.seguranca.mg.gov.br/index.php/transparencia/informacoes-classificadas-e-desclassificadas2
Secretaria de Estado de Justiça e Segurança Pública - SEJUSP;SEJUSP;009.06.1450;Dados de frequência e codificação do sistema de radiocomunicação das unidades prisionais, socioeducativas e administrativas da Sejusp. [3];Reservado;6 - Defesa Social e Segurança Pública;Art. 23, inciso III, da Lei Federal nº 12.527/2011;2021-06-02;2021-06-02 00:00:00;;5 anos;2024-12-30;https://www.seguranca.mg.gov.br/index.php/transparencia/informacoes-classificadas-e-desclassificadas2
Secretaria de Estado de Justiça e Segurança Pública - SEJUSP;SEJUSP;015.06.1450;Informações relacionadas à análise de provisionamento e à vagas  livres de cargo ofertado em concurso público ou em processo seletivo.;Secreto;6 - Defesa Social e Segurança Pública;Art. 23, inciso III, da Lei Federal nº 12.527/2011;2021-06-02;2021-06-02 00:00:00;;15 anos;2024-12-30;https://www.seguranca.mg.gov.br/index.php/transparencia/informacoes-classificadas-e-desclassificadas2
Secretaria de Estado de Justiça e Segurança Pública - SEJUSP;SEJUSP;026.06.1450;Informações contidas nos manuais de procedimentos de segurança e rotinas de trabalho no âmbito do DEPEN/SEJUSP.;Ultrassecreto;6 - Defesa Social e Segurança Pública;Art. 23, inciso III, da Lei Federal nº 12.527/2011;2021-06-02;2021-06-02 00:00:00;;25 anos;2024-12-30;https://www.seguranca.mg.gov.br/index.php/transparencia/informacoes-classificadas-e-desclassificadas2
Secretaria de Estado de Justiça e Segurança Pública - SEJUSP;SEJUSP;027.06.1450;Informações contidas nos planos de segurança no âmbito do DEPEN/SEJUSP.;Ultrassecreto;6 - Defesa Social e Segurança Pública;Art. 23, inciso III, da Lei Federal nº 12.527/2011;2021-06-02;2021-06-02 00:00:00;;25 anos;2024-12-30;https://www.seguranca.mg.gov.br/index.php/transparencia/informacoes-classificadas-e-desclassificadas2
Secretaria de Estado de Justiça e Segurança Pública - SEJUSP;SEJUSP;029.06.1450;Informações contidas em prontuários jurídicos de Indivíduos Privados de Liberdade.;Ultrassecreto;6 - Defesa Social e Segurança Pública;Art. 23, inciso III, da Lei Federal nº 12.527/2011;2021-06-02;2021-06-02 00:00:00;;25 anos;2024-12-30;https://www.seguranca.mg.gov.br/index.php/transparencia/informacoes-classificadas-e-desclassificadas2
Secretaria de Estado de Justiça e Segurança Pública - SEJUSP;SEJUSP;030.06.1450;Informações referentes aos componentes e registros de armamentos, explosivos, equipamentos de segurança, apetrechos de uso policial, dispositivos de dispersão e munições gerenciados e utilizados pela SEJUSP. [9];Ultrassecreto;6 - Defesa Social e Segurança Pública;Art. 23, inciso III, da Lei Federal nº 12.527/2011;2021-06-02;2021-06-02 00:00:00;;25 anos;2024-12-30;https://www.seguranca.mg.gov.br/index.php/transparencia/informacoes-classificadas-e-desclassificadas2
Secretaria de Estado de Justiça e Segurança Pública - SEJUSP;SEJUSP;002.06.1450;Dados de ocorrências no âmbito das unidades prisionais.;Reservado;6 - Defesa Social e Segurança Pública;Art. 23, inciso VII da Lei Federal nº 12.527/2011;2020-12-11;2020-12-11 00:00:00;;5 anos;2024-12-30;https://www.seguranca.mg.gov.br/index.php/transparencia/informacoes-classificadas-e-desclassificadas2
Secretaria de Estado de Justiça e Segurança Pública - SEJUSP;SEJUSP;019.06.1450;Informações contidas em relatórios de auditoria consolidados pela inteligência.;Secreto;6 - Defesa Social e Segurança Pública;Art. 23, inciso VIII, da Lei Federal nº 12.527/2011;2021-06-02;2021-06-02 00:00:00;;15 anos;2024-12-30;https://www.seguranca.mg.gov.br/index.php/transparencia/informacoes-classificadas-e-desclassificadas2
Secretaria de Estado de Justiça e Segurança Pública - SEJUSP;SEJUSP;005.06.1450;Informações de localização física dos Indivíduos Privados de Liberdade.;Reservado;6 - Defesa Social e Segurança Pública;Art. 23, incisos III e VII, da Lei Federal nº 12.527/2011;2021-06-02;2021-06-02 00:00:00;;5 anos;2024-12-30;https://www.seguranca.mg.gov.br/index.php/transparencia/informacoes-classificadas-e-desclassificadas2
Secretaria de Estado de Justiça e Segurança Pública - SEJUSP;SEJUSP;006.06.1450;Informações de visitação a locais, divisões ou seções em unidades prisionais.;Reservado;6 - Defesa Social e Segurança Pública;Art. 23, incisos III e VII, da Lei Federal nº 12.527/2011;2021-06-02;2021-06-02 00:00:00;;5 anos;2024-12-30;https://www.seguranca.mg.gov.br/index.php/transparencia/informacoes-classificadas-e-desclassificadas2
Secretaria de Estado de Justiça e Segurança Pública - SEJUSP;SEJUSP;010.06.1450;Informações originadas por meio de denúncias e averiguações, que possam comprometer a fonte delatora e as investigações dos fatos. [4];Reservado;6 - Defesa Social e Segurança Pública;Art. 23, incisos III e VII, da Lei Federal nº 12.527/2011;2021-06-02;2021-06-02 00:00:00;;5 anos;2024-12-30;https://www.seguranca.mg.gov.br/index.php/transparencia/informacoes-classificadas-e-desclassificadas2
Secretaria de Estado de Justiça e Segurança Pública - SEJUSP;SEJUSP;031.06.1450;Dados das violências autoprovocadas (suicídio consumado e tentativa de suicídio) e de homicídios seguidos de violências autoprovocadas de policiais penais e de agentes socioeducativos ativos e inativos.;Reservado;6 - Defesa Social e Segurança Pública;Art. 23, incisos III e VII, da Lei Federal nº 12.527/2011;2019-09-04;2019-09-04 00:00:00;2024-09-04;5 anos;2024-12-30;https://www.seguranca.mg.gov.br/index.php/transparencia/informacoes-classificadas-e-desclassificadas2
Secretaria de Estado de Justiça e Segurança Pública - SEJUSP;SEJUSP;011.06.1450;Informações referentes a estudo de dimensionamento da força de trabalho do Sistema Prisional.;Secreto;6 - Defesa Social e Segurança Pública;Art. 23, incisos III e VII, da Lei Federal nº 12.527/2011;2021-06-02;2021-06-02 00:00:00;;15 anos;2024-12-30;https://www.seguranca.mg.gov.br/index.php/transparencia/informacoes-classificadas-e-desclassificadas2
Secretaria de Estado de Justiça e Segurança Pública - SEJUSP;SEJUSP;012.06.1450;"Informações relacionadas a nomes; a lotação; a exercício; a quantitativos; a escala de trabalhos; e a postos de serviço de agentes públicos (ativos, inativos ou desligados) das unidades administrativas, das unidades prisionais, das unidades socioeducativas e das Regiões Integradas de Segurança Pública (RISP). [5]";Secreto;6 - Defesa Social e Segurança Pública;Art. 23, incisos III e VII, da Lei Federal nº 12.527/2011;2021-06-02;2021-06-02 00:00:00;;15 anos;2024-12-30;https://www.seguranca.mg.gov.br/index.php/transparencia/informacoes-classificadas-e-desclassificadas2
Secretaria de Estado de Justiça e Segurança Pública - SEJUSP;SEJUSP;013.06.1450;Lista e quantitativo de servidores afastados e em gozo de férias regulamentares e férias prêmio, por unidade prisional ou socioeducativa.;Secreto;6 - Defesa Social e Segurança Pública;Art. 23, incisos III e VII, da Lei Federal nº 12.527/2011;2021-06-02;2021-06-02 00:00:00;;15 anos;2024-12-30;https://www.seguranca.mg.gov.br/index.php/transparencia/informacoes-classificadas-e-desclassificadas2
Secretaria de Estado de Justiça e Segurança Pública - SEJUSP;SEJUSP;014.06.1450;Informações relacionadas à gestão da segurança prisional e socioeducativa envolvendo o quadro de pessoal.;Secreto;6 - Defesa Social e Segurança Pública;Art. 23, incisos III e VII, da Lei Federal nº 12.527/2011;2021-06-02;2021-06-02 00:00:00;;15 anos;2024-12-30;https://www.seguranca.mg.gov.br/index.php/transparencia/informacoes-classificadas-e-desclassificadas2
Secretaria de Estado de Justiça e Segurança Pública - SEJUSP;SEJUSP;016.06.1450;Informações sobre absenteísmo nas unidades prisionais e socioeducativas.;Secreto;6 - Defesa Social e Segurança Pública;Art. 23, incisos III e VII, da Lei Federal nº 12.527/2011;2021-06-02;2021-06-02 00:00:00;;15 anos;2024-12-30;https://www.seguranca.mg.gov.br/index.php/transparencia/informacoes-classificadas-e-desclassificadas2
Secretaria de Estado de Justiça e Segurança Pública - SEJUSP;SEJUSP;018.06.1450;Informações contidas em estudos e diagnósticos envolvendo opiniões, rotinas, qualidade de trabalho, treinamento, saúde e perfil de agentes públicos de segurança pública e defesa social de Minas Gerais. [7];Secreto;6 - Defesa Social e Segurança Pública;Art. 23, incisos III e VII, da Lei Federal nº 12.527/2011;2021-06-02;2021-06-02 00:00:00;;15 anos;2024-12-30;https://www.seguranca.mg.gov.br/index.php/transparencia/informacoes-classificadas-e-desclassificadas2
Secretaria de Estado de Justiça e Segurança Pública - SEJUSP;SEJUSP;028.06.1450;Informações relacionadas a integrantes e líderes de facções criminosas acautelados em unidades prisionais.;Ultrassecreto;6 - Defesa Social e Segurança Pública;Art. 23, incisos III e VII, da Lei Federal nº 12.527/2011;2021-06-02;2021-06-02 00:00:00;;25 anos;2024-12-30;https://www.seguranca.mg.gov.br/index.php/transparencia/informacoes-classificadas-e-desclassificadas2
Secretaria de Estado de Justiça e Segurança Pública - SEJUSP;SEJUSP;020.06.1450;Informações contidas em bancos de dados internos e soluções tecnológicas adotadas pela SEJUSP: descrições, configurações, projetos, códigos fonte e os produtos de soluções tecnológicas, incluindo todos os seus componentes de hardware, software e rede. [8];Secreto;6 - Defesa Social e Segurança Pública;Art. 23, incisos III e VIII, da Lei Federal nº 12.527/2011;2021-06-02;2021-06-02 00:00:00;;15 anos;2024-12-30;https://www.seguranca.mg.gov.br/index.php/transparencia/informacoes-classificadas-e-desclassificadas2
Secretaria de Estado de Justiça e Segurança Pública - SEJUSP;SEJUSP;004.06.1450;Informações das atas das reuniões do eixo Núcleo Integrado de monitoramento à violência contra a mulher do programa MG Mulher.;Reservado;6 - Defesa Social e Segurança Pública;Art. 23, incisos III, VII e VIII, da Lei Federal nº 12.527/2011;2021-06-02;2021-06-02 00:00:00;;5 anos;2024-12-30;https://www.seguranca.mg.gov.br/index.php/transparencia/informacoes-classificadas-e-desclassificadas2
Secretaria de Estado de Justiça e Segurança Pública - SEJUSP;SEJUSP;017.06.1450;Informações referentes ao conteúdo das chamadas ao teleatendimento emergencial, via 190, 193 e 197. [6];Secreto;6 - Defesa Social e Segurança Pública;Art. 23, incisos III, VII e VIII, da Lei Federal nº 12.527/2011;2021-06-02;2021-06-02 00:00:00;;15 anos;2024-12-30;https://www.seguranca.mg.gov.br/index.php/transparencia/informacoes-classificadas-e-desclassificadas2
Secretaria de Estado de Justiça e Segurança Pública - SEJUSP;SEJUSP;021.06.1450;Informações das abas Homicídios / Vulnerabilidade Criminal / Dinâmica das Vulnerabilidades dos Relatórios de Gestão Estratégica (RGE).;Ultrassecreto;6 - Defesa Social e Segurança Pública;Art. 23, incisos III, VII e VIII, da Lei Federal nº 12.527/2011;2021-06-02;2021-06-02 00:00:00;;25 anos;2024-12-30;https://www.seguranca.mg.gov.br/index.php/transparencia/informacoes-classificadas-e-desclassificadas2
Secretaria de Estado de Justiça e Segurança Pública - SEJUSP;SEJUSP;022.06.1450;Informações dos Relatórios Analíticos de Dinâmica Criminal.;Ultrassecreto;6 - Defesa Social e Segurança Pública;Art. 23, incisos III, VII e VIII, da Lei Federal nº 12.527/2011;2021-06-02;2021-06-02 00:00:00;;25 anos;2024-12-30;https://www.seguranca.mg.gov.br/index.php/transparencia/informacoes-classificadas-e-desclassificadas2
Secretaria de Estado de Justiça e Segurança Pública - SEJUSP;SEJUSP;023.06.1450;Selo Prevenção Minas - Informações das atas das reuniões das Comissões Municipais.;Ultrassecreto;6 - Defesa Social e Segurança Pública;Art. 23, incisos III, VII e VIII, da Lei Federal nº 12.527/2011;2021-06-02;2021-06-02 00:00:00;;25 anos;2024-12-30;https://www.seguranca.mg.gov.br/index.php/transparencia/informacoes-classificadas-e-desclassificadas2
Secretaria de Estado de Justiça e Segurança Pública - SEJUSP;SEJUSP;024.06.1450;Selo Prevenção Minas - Informações das entrevistas do Diagnóstico Municipal de Segurança Cidadã.;Ultrassecreto;6 - Defesa Social e Segurança Pública;Art. 23, incisos III, VII e VIII, da Lei Federal nº 12.527/2011;2021-06-02;2021-06-02 00:00:00;;25 anos;2024-12-30;https://www.seguranca.mg.gov.br/index.php/transparencia/informacoes-classificadas-e-desclassificadas2
Secretaria de Estado de Justiça e Segurança Pública - SEJUSP;SEJUSP;025.06.1450;Informações das atas das reuniões do Grupo de Intervenções Estratégicas - GIE.;Ultrassecreto;6 - Defesa Social e Segurança Pública;Art. 23, incisos III, VII e VIII, da Lei Federal nº 12.527/2011;2021-06-02;2021-06-02 00:00:00;;25 anos;2024-12-30;https://www.seguranca.mg.gov.br/index.php/transparencia/informacoes-classificadas-e-desclassificadas2
Secretaria de Estado de Justiça e Segurança Pública - SEJUSP;SEJUSP;001.06.1450;Relatório de auditoria interna - Nº Processo SIGA 1450.145.31.0101.20.;Secreto;6 - Defesa Social e Segurança Pública;Art. 23, incisos VII e VIII, da Lei Federal nº 12.527/2011 e Art. 29, inciso I, do Decreto Estadual nº 45.969/2012;2025-12-22;2025-12-22 00:00:00;;15 anos;2024-12-30;https://www.seguranca.mg.gov.br/index.php/transparencia/informacoes-classificadas-e-desclassificadas2
Secretaria de Estado de Meio Ambiente e Desenvolvimento Sustentável - SEMAD;SEMAD;006.04.1371;Produtos de auditoria – Relatórios, Pareceres, Notas de Auditoria relativos à avaliação e à consultoria de gestão de riscos;Reservado;4 – Controle Interno;Art 23, caput da Lei Federal 12.527/2011;2021-08-18;2021-08-18 00:00:00;;5 anos;2025-06-13;https://meioambiente.mg.gov.br/informacoes-classificadas-e-desclassificadas?p_l_back_url=%2Fbusca%3Fq%3Dclassificadas
Secretaria de Estado de Meio Ambiente e Desenvolvimento Sustentável - SEMAD;SEMAD;005.04.1371;Papéis de Trabalho produzidos para subsidiar a opinião e convicção do auditor;Reservado;4 – Controle Interno;Art 23, caput da Lei Federal 12.527/2011;2021-08-18;2021-08-18 00:00:00;;5 anos;2025-06-13;https://meioambiente.mg.gov.br/informacoes-classificadas-e-desclassificadas?p_l_back_url=%2Fbusca%3Fq%3Dclassificadas
Secretaria de Estado de Meio Ambiente e Desenvolvimento Sustentável - SEMAD;SEMAD;001.13.1371;Planejamento Anual de Fiscalização 2017;Reservado;13 - Meio Ambiente;Art. 23, inciso VIII, da Lei Federal nº 12.527/2011;2016-12-30;2016-12-30 00:00:00;2022-12-30;5 anos;2025-06-13;https://meioambiente.mg.gov.br/informacoes-classificadas-e-desclassificadas?p_l_back_url=%2Fbusca%3Fq%3Dclassificadas
Secretaria de Estado de Meio Ambiente e Desenvolvimento Sustentável - SEMAD;SEMAD;004.13.1371;Planejamento Anual de Fiscalização Ambiental 2020;Reservado;13 - Meio Ambiente;Art. 23, inciso VIII, da Lei Federal nº 12.527/2011;2019-12-20;2019-12-20 00:00:00;2025-06-16;5 anos;2025-06-13;https://meioambiente.mg.gov.br/informacoes-classificadas-e-desclassificadas?p_l_back_url=%2Fbusca%3Fq%3Dclassificadas
Secretaria de Estado de Meio Ambiente e Desenvolvimento Sustentável - SEMAD;SEMAD;008.13.1371;Plano Anual de Fiscalização 2022;Reservado;13 - Meio Ambiente;Art. 23, inciso VIII, da Lei Federal nº 12.527/2011;2022-12-28;2022-12-28 00:00:00;;5 anos;2025-06-13;https://meioambiente.mg.gov.br/informacoes-classificadas-e-desclassificadas?p_l_back_url=%2Fbusca%3Fq%3Dclassificadas
Secretaria de Estado de Meio Ambiente e Desenvolvimento Sustentável - SEMAD;SEMAD;010.13.1371;Plano Anual de Fiscalização 2024;Reservado;13 - Meio Ambiente;Art. 23, inciso VIII, da Lei Federal nº 12.527/2011;2025-06-13;2025-06-13 00:00:00;;5 anos;2025-06-13;https://meioambiente.mg.gov.br/informacoes-classificadas-e-desclassificadas?p_l_back_url=%2Fbusca%3Fq%3Dclassificadas
Secretaria de Estado de Meio Ambiente e Desenvolvimento Sustentável - SEMAD;SEMAD;002.13.1371;Plano de Fiscalização Ambiental 2018;Reservado;13 - Meio Ambiente;Art. 23, inciso VIII, da Lei Federal nº 12.527/2011;2018-02-01;2018-02-01 00:00:00;2023-02-09;5 anos;2025-06-13;https://meioambiente.mg.gov.br/informacoes-classificadas-e-desclassificadas?p_l_back_url=%2Fbusca%3Fq%3Dclassificadas
Secretaria de Estado de Meio Ambiente e Desenvolvimento Sustentável - SEMAD;SEMAD;003.13.1371;Planejamento Anual de Fiscalização 2019;Reservado;13 - Meio Ambiente;Art. 23, inciso VIII, da Lei Federal nº 12.527/2011;2019-02-04;2019-02-04 00:00:00;2025-06-13;5 anos;2025-06-13;https://meioambiente.mg.gov.br/informacoes-classificadas-e-desclassificadas?p_l_back_url=%2Fbusca%3Fq%3Dclassificadas
Secretaria de Estado de Meio Ambiente e Desenvolvimento Sustentável - SEMAD;SEMAD;007.13.1371;Plano Anual de Fiscalização 2021;Reservado;13 - Meio Ambiente;Art. 23, inciso VIII, da Lei Federal nº 12.527/2011;2020-12-29;2020-12-29 00:00:00;;5 anos;2025-06-13;https://meioambiente.mg.gov.br/informacoes-classificadas-e-desclassificadas?p_l_back_url=%2Fbusca%3Fq%3Dclassificadas
Secretaria de Estado de Meio Ambiente e Desenvolvimento Sustentável - SEMAD;SEMAD;009.13.1371;Plano Anual de Fiscalização 2023;Reservado;13 - Meio Ambiente;Art. 23, inciso VIII, da Lei Federal nº 12.527/2011;2022-12-30;2022-12-30 00:00:00;;5 anos;2025-06-13;https://meioambiente.mg.gov.br/informacoes-classificadas-e-desclassificadas?p_l_back_url=%2Fbusca%3Fq%3Dclassificadas
Secretaria de Estado de Meio Ambiente e Desenvolvimento Sustentável - SEMAD;SEMAD;011.13.1371;Plano Anual de Fiscalização 2025;Reservado;13 - Meio Ambiente;Art. 23, inciso VIII, da Lei Federal nº 12.527/2011;2025-06-13;2025-06-13 00:00:00;;5 anos;2025-06-13;https://meioambiente.mg.gov.br/informacoes-classificadas-e-desclassificadas?p_l_back_url=%2Fbusca%3Fq%3Dclassificadas
